{
  "version": 1,
  "author": "Anonymous maker",
  "editor": "wokwi",
  "parts": [
    { "type": "wokwi-arduino-uno", "id": "uno", "top": -18.6, "left": 277.8, "attrs": {} },
    { "type": "wokwi-dht22", "id": "dht1", "top": 38.7, "left": 628.2, "attrs": {} },
    {
      "type": "wokwi-lcd1602",
      "id": "lcd1",
      "top": 25.6,
      "left": -80.8,
      "attrs": { "pins": "i2c" }
    }
  ],
  "connections": [
    [ "dht1:VCC", "uno:5V", "red", [ "v48", "h-211.2" ] ],
    [ "dht1:GND", "uno:GND.2", "black", [ "v57.6", "h-220.8" ] ],
    [ "dht1:SDA", "uno:2", "green", [ "v-192", "h-124.7" ] ],
    [ "lcd1:VCC", "uno:5V", "red", [ "h-19.2", "v134.5", "h537.6" ] ],
    [ "lcd1:GND", "uno:GND.3", "black", [ "h-28.8", "v163.2", "h566.4" ] ],
    [ "lcd1:SDA", "uno:A4", "green", [ "h-48", "v163.4", "h643.2" ] ],
    [ "lcd1:SCL", "uno:A5", "green", [ "h-57.6", "v163.5", "h681.6" ] ]
  ],
  "dependencies": {}
}